,Company,Email
103,Brown Inc,wtownsend@jackson-johnson.biz
151,Brown Inc,walshnicole@smith-conner.org
227,Smith Group,oramirez@sanchez.com
261,Brown Group,bakerjoshua@wade-butler.org
302,Williams LLC,alarson@yahoo.com
427,Smith Group,coxdiana@fuller-johnson.com
633,Smith LLC,yjohnson@reid.com
710,Brown Ltd,asmith@yahoo.com
754,Brown Ltd,georgemacias@chen-cantu.net
780,Johnson Ltd,dbrown@holmes-jones.com
861,Smith PLC,ewilliams@hotmail.com
878,Williams LLC,ewright@gonzalez.com
897,Johnson PLC,robert79@hotmail.com
905,Smith LLC,wlawson@summers.info
972,Williams LLC,eroman@hotmail.com
1001,Brown Inc,peterbailey@sanchez.com
1033,Smith PLC,jamieali@gmail.com
1071,Davis and Sons,ronaldnorman@humphrey.com
1128,Smith Group,sabrina87@hotmail.com
1332,Brown Ltd,erica52@crane.org
1413,Brown Ltd,fsmith@yahoo.com
1453,Brown Ltd,morgan51@smith.com
1558,Brown Inc,mariahbradley@hotmail.com
1577,Johnson Ltd,powelljanice@yahoo.com
1580,Brown Group,debra14@benjamin.com
1771,Williams LLC,velazquezrichard@hotmail.com
1811,Smith PLC,dianagarcia@ho.com
1860,Johnson Ltd,gmueller@berry-mendez.com
1960,Smith PLC,mariah78@hotmail.com
2203,Brown Group,brucemalone@oneal.com
2594,Davis and Sons,owensjeremy@hotmail.com
2833,Davis and Sons,matthew37@yahoo.com
2840,Johnson PLC,robert43@cunningham.info
2868,Johnson Ltd,jamescabrera@gmail.com
2941,Brown Ltd,umyers@yahoo.com
2951,Smith LLC,diaztaylor@yahoo.com
2958,Williams LLC,johnsonjulia@yahoo.com
3035,Smith PLC,dcook@berry.com
3060,Smith Group,pmckee@mayer.com
3209,Smith PLC,angelicabaker@daniel.com
3296,Brown Inc,robertsryan@yahoo.com
3472,Smith LLC,julie21@hotmail.com
3552,Brown Ltd,emilymarshall@yahoo.com
3564,Brown Group,turnerchad@hotmail.com
3798,Smith PLC,ythompson@martin.com
3922,Smith PLC,bsoto@gmail.com
3995,Brown Group,lawrence94@yahoo.com
4123,Williams LLC,rachelperez@cook.info
4266,Brown Ltd,fvalenzuela@mendez.info
4296,Williams LLC,zconway@cooley.com
4490,Smith Group,denisechurch@hotmail.com
4495,Smith LLC,sarahellison@lloyd.com
4501,Smith Group,hartmanjennifer@patel.com
4505,Davis and Sons,otapia@hughes.com
4564,Davis and Sons,vfrazier@yahoo.com
4877,Davis and Sons,blopez@gmail.com
4984,Johnson PLC,matthew01@hotmail.com
5027,Johnson PLC,eric95@hotmail.com
5088,Smith Group,kingmonica@guerrero.com
5244,Smith Group,bbell@harris-scott.info
5280,Johnson PLC,guyburton@mcgee.com
5554,Smith Group,blackralph@reed-carter.com
5724,Brown Inc,mark50@stevens.org
5813,Davis and Sons,danielle53@webb.com
5855,Williams LLC,luis76@gmail.com
5890,Brown Inc,georgesean@gmail.com
6048,Brown Group,jim33@montes-schmidt.com
6112,Johnson Ltd,herringmichelle@hotmail.com
6148,Johnson PLC,kvaldez@williams.biz
6224,Smith Group,seth87@willis.com
6228,Brown Group,brian96@yahoo.com
6315,Brown Group,vmcdaniel@hotmail.com
6598,Smith Group,shelly20@gmail.com
6656,Davis and Sons,pattersonjessica@gmail.com
6870,Johnson Ltd,sean46@hotmail.com
7091,Williams LLC,daniel20@moss.org
7192,Johnson Ltd,kathy92@yahoo.com
7224,Smith LLC,tina59@barrera.biz
7246,Smith LLC,lowens@turner.biz
7269,Johnson PLC,stanley58@ingram-kelly.com
7366,Smith LLC,cherylsanchez@henderson.com
7372,Smith Group,nolanmichael@yahoo.com
7441,Johnson Ltd,bdaniels@dixon-stone.net
7485,Brown Ltd,michael74@gmail.com
7539,Smith PLC,barrettjames@wilson.info
7668,Brown Group,paynebrandon@hotmail.com
7849,Smith LLC,wking@smith.com
7868,Brown Ltd,danielle46@hotmail.com
7933,Smith LLC,vevans@hotmail.com
7946,Johnson Ltd,ehunter@howard-hunter.com
7967,Brown Inc,efarmer@hotmail.com
8126,Williams LLC,krista38@hotmail.com
8181,Smith LLC,lwilliams@logan.biz
8193,Smith PLC,creynolds@davies.net
8227,Davis and Sons,dadams@green-fields.net
8274,Smith PLC,melissa74@foster.com
8396,Johnson PLC,qoconnell@moore-atkins.com
8423,Smith LLC,ericacole@guzman.biz
8443,Brown Ltd,roblesloretta@collins.com
8664,Davis and Sons,wilsonjohn@yahoo.com
8818,Williams LLC,ambermoses@reilly.net
8842,Davis and Sons,scott19@chapman-porter.com
8904,Smith PLC,mbarrera@yahoo.com
8950,Smith LLC,brandonmorales@reed.org
8987,Brown Group,kristopheroliver@riddle.com
9019,Smith PLC,fpena@pierce.org
9079,Smith Group,wellsscott@gmail.com
9145,Smith Group,daniel40@collins-wilson.org
9389,Smith Group,ppatel@young-morgan.com
9392,Williams LLC,russelljohnson@yahoo.com
9660,Brown Ltd,matthewriley@sullivan.com
9707,Johnson Ltd,jonesdaniel@yahoo.com
9729,Johnson PLC,phill@hotmail.com
9741,Brown Ltd,barneschristina@yahoo.com
9774,Brown Ltd,marydavidson@gmail.com
9793,Brown Ltd,mary71@hotmail.com
