EmployeeNumber,Emplyee name
1,Barak Sali
2,Mumin Yusha
4,Cordia M Knopp
5,Burton C Jin
7,Femi Grek
8,Hugh N Chavira
10,Lucius C Moorhead
11,Deane I Keown
12,Joannie E Wolters
13,Christene L Mccaleb
14,Alline V Kushner
15,Lala C Marquez
16,Derick A Macey
18,Eda O Brase
19,Willis D Weissman
20,Mariam F Pinheiro
21,Malcom L Meister
22,Holli G Ethridge
23,Cole N Poling
24,Ahmad V Lynde
26,Mariano F Leary
27,Tawanda E Buchanon
28,Nickolas G Grossi
30,Bradford K Marlatt
31,Carlton P Bose
32,Asuncion X Braunstein
33,Theron T Kramer
35,Jeramy F Metoyer
36,Sol K Roger
38,Earnest H Birkholz
39,Amada J Knouse
40,Gregorio H Hottinger
41,Lawerence W Abernethy
42,Marina X Quayle
45,Whitney N Wasinger
46,Roy W Wilkie
47,Hyun Z Bynoe
49,Katelin F Coney
51,Jennifer Z Pridgen
52,Zachary U Breeden
53,Deon U Mounce
54,Buddy G Steinbeck
55,Julius N Bakker
56,Hans G Koh
57,Jamal G Dimarco
58,Stephan Q Ranger
60,Jackie P Montague
61,Nathanael W Ohl
62,Hosea B Michelson
63,Carly L Sirianni
64,Abram S Manrique
65,Mica Z Herzberg
68,Lemuel W Hardman
70,Shanelle Z Hick
72,Maryellen H Hartness
73,Sylvester Z Blackledge
74,Vivienne X Binion
75,Ahmed C Minch
76,Leopoldo U Hole
77,Gemma I Chilton
78,Laurence K Ryles
79,Eleanor D Dickson
80,Elsy B Latta
81,Sherwood K Shire
83,Carolynn V Moynihan
84,Mckinley H Scofield
85,Brendon V Crowther
86,Nancy V Trogdon
88,Darin U Shipp
90,Joel S Maine
91,Luciana N Campfield
94,Gilbert Z Bloss
95,Sharda W Choudhury
96,Chung J Moynihan
97,Dayna M Edmondson
98,Bobbie S Miner
100,Gidget X Loring
101,Hettie S Lauber
102,Toi F Stallard
103,Tristan L Cockrell
104,Towanda H Matson
105,Leland C Fifield
106,Audria W Barrios
107,Jim J Lurie
110,Lorette Y Petrillo
112,Damian X Grist
113,Zana G Ordonez
116,Rhett A Chapple
117,Jeneva Y Bybee
118,Brendon J Camp
119,Nettie T Mccandless
120,Lezlie Z Bohannan
121,Hester B Cabana
124,Isobel K Dance
125,Erica S Harlan
126,Leda X Haskell
128,Loralee V Ball
129,Otha T Orrell
131,Honey D Eaves
132,Ellis V Mcneel
133,Gabriel S Beale
134,Nathanael G Mcmillin
137,Donald H Mazur
138,Eliz R Linneman
139,Gracie P Lett
140,Gema S Grover
141,Delana Y Freedman
142,Mary Y Tate
143,Abe J Macleod
144,Evon Q Lawson
145,Jerlene P Dunnigan
147,Bobbie X Schoenrock
148,Mike A Waddington
150,Nigel K Wadsworth
151,Hayden E Novack
152,Voncile P Trojanowski
153,Roberto U Derry
154,Tona S Huseby
155,Londa T Maya
158,Jocelyn Q Scotti
159,Frank O Mallon
160,Kurtis C Irons
161,Jamey S Seim
162,Walton S Keim
163,Micki R Jauregui
164,Ngoc X Watson
165,Inocencia Z Buteau
167,Charlie V Koeller
169,Rosy U Baumeister
170,Charity N Denman
171,Luke S Tumlin
174,Hannah K Ma
175,Celinda C Magruder
176,Arturo N Halvorsen
177,Tiny Z Oliveri
178,Kerri Y Card
179,Young W Funes
182,Neomi P Pitchford
183,Ivan A Groner
184,Etsuko O Wilmot
190,William B Mcnerney
192,Logan D Berryman
193,Houston K Joe
194,Coy I Gentner
195,Jimmie F Vasquez
197,Tommie S Fargo
198,Daina U Ledet
199,Sophia F Knecht
200,Newton V Scalia
201,Reatha E Osby
202,Bell N Molinaro
204,Jason V Gravois
205,Elwood T More
206,Lewis M Racette
207,Leigh Y Haws
208,Thomas B Felipe
211,Israel T Hertzler
214,Ona K Koepp
215,Kristofer N Calahan
216,Mark F Hamman
217,Bobbie Q Holbrook
218,Abe X Paro
221,Mignon Q Dills
223,Casey D Krier
224,Scott K Ricco
226,Rosemarie K Fellows
227,Lisette F Cowley
228,Molly U Rasch
230,Felisha Q Ettinger
231,Linwood H Carter
233,Madelyn W Boos
235,Angelo B Fitzmaurice
238,Gregory I Kidwell
239,Bart B Gilcrease
240,Warner I Manly
241,Lala R Denman
242,Elsie S Depaz
243,Verla H Contreras
244,America V Lobel
245,Walter R Seddon
246,Margarito M Oxendine
247,Arnoldo D Mckeen
248,Kieth D Castelli
249,Ngoc P Pogue
250,Delana I Selfridge
252,Liane U Grafton
253,Vikki N Lezama
254,Allyn O Farrior
256,Glady Q Kump
258,Oscar R Bovee
259,Valene Z Woodmansee
260,Richard C Truman
261,Luigi G Lembo
262,Isaiah G Parrish
264,Scott D Torrey
267,Shirl M Caraballo
269,Robin Z Stewart
270,Shasta P Depuy
271,Jorge R Coghlan
273,Myles G Strum
274,Herlinda U Negron
275,Debbie C Lipsey
277,Jenell S Sauers
281,Leda Y Fabre
282,Edmundo R Rew
283,Gerry D Woolery
284,Berna Z Stoller
286,Adam B Katzer
287,Kellee L Gravelle
288,Shavon K Wescott
291,Rozanne N Mielke
292,Randee O Cassity
293,Shemika D Porterfield
296,Donte H Granger
297,Ahmed I Strope
298,Boris A Mccown
299,Omer H Moultrie
300,Hiram K Stokely
302,Deanna P Scoggin
303,Maris S Briggs
304,Lona T Collar
305,Eldridge M Benningfield
306,Jimmie A Rorie
307,Rachelle M Burkhead
308,Miguel P Karp
309,Raye T Willmon
311,Christi H Amaker
312,Liberty A Shroyer
314,Zack H Mumaw
315,Blanch Y Mysliwiec
316,Tammy Z Lorentz
319,Maximina K Frates
321,Kiara G Abrahamson
323,Retha G Nealy
325,Andre Q Maxon
327,Vern T Lomeli
328,Erin K Stclair
329,Detra D Rymer
330,Doug B Southwick
331,Gia M Casas
332,Emeline I Richer
333,Richard J Fetter
334,Rick Y Haefner
335,Shannon J Force
336,Gabriel E Pearsall
337,Geri M Tuthill
338,Lauren R Hennessy
339,Monty C Hughes
340,Bryant L Kinsman
341,Giovanna M Clift
342,Tracie J Winebarger
343,Narcisa C Rayburn
346,Almeda M Dunford
347,Melida R Corle
349,Armando H Seaborn
350,Efrain L Wass
351,Edra M Guthrie
352,Harland S Renshaw
353,Leroy H Styron
355,Maryln H Springfield
359,Elenora S Whitehill
361,Izola E Ye
362,Dorethea U Engram
363,Anibal F Pieper
364,Ula W Hartl
366,Latanya C Law
367,Brent U Perlman
369,Eveline B Strecker
372,Keila A Lucas
373,Aliza X Sammons
374,Bennie E Manfredi
376,Lucinda Z Borton
377,Keila F Lofland
378,Royce K Goodwyn
379,Rickey I Delk
380,Delsie R Tennison
381,Jayme B Shimer
382,Gilbert M Wolfgram
384,Isabella X Russell
385,Rueben X Pidgeon
386,Raymond U Flavin
387,Larry K Mash
388,Nicolle A Crothers
389,Gustavo F Rouse
390,Victoria H Musson
391,Dawne Y Gardner
392,Newton L Cromartie
393,Doria Z Crouse
394,Gerry X Koh
395,Audrea K Papineau
396,Rhett H Goode
397,Royal U Okeefe
399,Keith Q Ofarrell
401,Exie C Bradham
403,George U Clouser
404,Benny S Brinker
405,Forrest Q Zell
406,Audrie X Mccammon
407,Marylyn K Ditto
408,Kori J Fairfax
410,Lamar W Estill
411,Giuseppe D Chouinard
412,Khalilah A Campo
416,Darcel P Burford
417,August C Navarette
419,Lanelle W Berlanga
420,Allene T Lepe
421,Eladia A Braggs
422,Agnes D Doud
423,Carlo B Ali
424,Emery P Sorrells
425,Violet L Ertel
426,Deeanna E Cluck
428,Morgan K Rathbun
429,Julius Q Stock
430,Palmer O Beamer
431,Vincent N Lennon
433,Alexis D Bonelli
434,Claretta D Wingert
436,Cecily D Houser
437,Horacio S Salazar
438,Adelle E Brunner
439,Janessa M Drennen
440,Ewa B Staples
441,Holley M Cathcart
442,Tim N Schueller
444,Therese Q Belden
445,Susann A Faucett
446,Bryan J Stampley
447,Larisa X Strauss
448,Adriana O Medved
449,Rick E Armenta
450,Garland J Verville
451,Ettie S Stilwell
452,Ronnie G Gumbs
453,Shirley H Mettler
454,Ahmed V Lease
455,Albert Z Dunford
456,Erin L Jasmin
458,Raphael W Kellner
460,Man W Bean
461,Nikia Z Thrasher
462,Cedrick M Cordle
463,Chi S Clopton
464,Carl M Paddock
465,Nestor T Ventura
466,Salvatore J Lindell
467,Phil T Urena
468,Buford Q Giancola
469,Garland Z Leavell
470,Fe A Schrock
471,Dustin Y Espey
473,Tinisha V Vince
474,Isis F Hash
475,Hai Y Arden
476,Gerardo Q Bergen
477,Jewel R Willhite
478,Jesus E Mclelland
479,Dortha Z Harty
481,Pete B Donnelly
482,Kristen A Beauchemin
483,Celesta L Reeser
484,Desiree L Sobel
485,Izetta B Alford
486,Hermila X Crosslin
487,Tommy I Meadows
488,Cordell M Tweedy
491,Bernarda E Gervais
492,Raymon I Chavarria
493,Audrea B Prather
494,Isis N Rufus
495,Lucienne U Clyne
496,Jasper P Barnaby
497,Walter B Mcmorrow
498,Shasta F Bay
499,Darren U Shoulders
500,Nicola S Bellis
501,Thurman T Caceres
502,Allen L Vachon
505,Yung G Booher
507,Emiko Z Lolley
508,Dian I Peachey
510,Carmen U Benbow
511,Kimberly K Carr
513,Damian F Mcgaughey
514,Jeff W Zacarias
515,Vernell X Amado
516,Nadia B Rosner
517,Elijah P Elkin
518,Kirby W Estrella
520,Bernie M Kish
521,Judson Y Hodson
522,Carey N Mccready
523,Shayne T Claytor
524,Ashlie G Cadena
525,Noah O Love
526,Lashaunda Y Munden
527,Colin V Likens
529,Kylie K Freda
530,Krishna G Raby
531,Launa N Kohl
532,Trent J Lockman
533,Alisha D Coppock
534,Richie I Weisz
536,Leticia V Lewandowski
538,Elaine B Randazzo
543,Jack J Warfel
544,Kitty S Sickles
546,Bruna R Welke
547,Felix S Croker
548,Eartha Z Oceguera
549,Laurena P Caston
550,Beatrice A Knopf
551,Zoila X Nair
554,Jae B Isabell
555,Donald P Phaneuf
556,Tyrell R Bramlett
558,Ela K Hames
560,Marlon M Caddell
562,Nolan V Velazco
564,Ashanti R Swim
565,Tamica J Holoman
566,Marcell T Farias
567,Abram Q Keffer
568,Silas S Pyatt
569,Patria D Riedel
571,Nicholas B Salcedo
573,Brendon E Mone
574,Velda V Larue
575,Sharita Y Lombardi
577,Virgil R Yuen
578,Delfina O Day
579,Haley G Bova
580,Margarite E Blalock
581,Rina L Chacon
582,Ramonita Z Fincher
584,Lindsey W Whittle
585,Mauricio U Talty
586,Chau R Barron
587,Lino M Lizarraga
590,Fredericka J Varney
591,Aundrea W Lundberg
592,Son D Ricketts
593,Dorothea J Canterbury
595,Zenia D Owings
597,Seth N Lipsky
599,Miles N Light
600,Tyler N Larkins
601,Asa E Kunze
602,Sal C Heiden
604,Tomas V Krout
605,Ben N Lamson
606,Myra H Parra
608,Adele M Burnam
611,Adria M Melendrez
612,Clemmie F Montague
613,Valarie O Gorecki
614,Adell W Trower
615,Eric C Irvine
616,Letha L Apel
618,Nannie Z Seeman
620,Reynalda M Millwood
621,Tanner Y Hollenbeck
622,Amado C Bonet
623,Jeanetta N Norden
624,Paris U Leite
625,Alexis Q Grose
626,Chadwick I Hargreaves
630,Perry E Huddleston
631,Hollis Z Carr
632,Kiara T Martinez
634,Brigitte D Fendley
635,Bobbie P Chumley
638,Hong M Townson
639,Keith B Macha
641,Harriett A Mccurry
643,Andres S Garner
644,Ken X Weisberg
645,Moises U Hughs
647,Sunshine F Earle
648,Lavette P Cheney
649,Carmen F Barret
650,Lizzie D Ratcliff
652,Nick Q Packard
653,Alonzo W Stanford
655,Brett Z Vadnais
656,Madalene J Martine
657,Charles S Nicholes
659,Kristofer Y Fizer
661,Elmo G Pagano
662,Lindy M Reel
663,Dewayne X Groom
664,Elenora V Halley
665,Rosette F Cascio
666,Analisa X Birdsell
667,Jacinta Y Cheney
669,Matt D Bramblett
671,Queenie M Alder
675,Darwin W Lemoine
677,Erik W Steffen
679,Ching D Applegate
680,Warren L Manion
682,Celestine H Alderson
683,Tammi S Garret
684,Tamesha I Knepper
686,Bernardina X Roesch
689,Mariano Y Kyles
690,Kristie E Jain
691,Jeff E Lucero
692,Leanna X Tibbetts
698,Robbie N Heckman
699,Bernard N Weatherly
700,Lauren O Guzzi
701,Carter C Hunt
702,Isaiah Y Magwood
704,Vicki Y Hargrave
705,Orval Q Schlesinger
707,Elois Z Ono
709,Andreas L Kennard
710,Randee X Blunt
712,Chester N Sitz
714,Allyson I Ours
715,Marlana W Zak
716,Shanti P Brinegar
717,Valentin T Dearborn
720,Stanton Y Cavallaro
721,Adelaide L Harrop
722,Vonda U Mckinnis
723,Graham O Romeo
724,Bert Q Lauritzen
725,Bryce B Edens
727,Leonia Y Derosier
728,Jesus H Guillen
729,Sammy C Holtzclaw
730,Irving C Pillar
731,Amiee Z Chaffins
732,Carolina B Pasillas
733,Stasia L Daley
734,Kimberlee J Hawkins
738,Valencia M Cuffee
741,Gavin V Mckillip
742,Veronica I Mower
743,Efren G Ager
744,Christoper K Manzano
746,Jayson S Carrol
747,Alexis C Amaral
749,Carter B Hilderbrand
752,Adelia U Villagomez
754,Silas J Wojcik
757,Sheila F Bergman
758,Korey U Eddington
760,Brenton U Boyett
762,Debrah X Flury
763,Min X Buckmaster
764,Ramona V Hemphill
766,Misti H Mendenhall
769,Lemuel V Darden
771,Ellis J Mccune
772,Stacey H Galante
773,Jaquelyn C Holzman
775,Marcellus H Macintyre
776,Toney O Gentle
780,Sam E Lacey
781,Arden B Fujita
783,Linsey P Orsini
784,Ruby B Hare
785,Thomas H Huang
786,Davida A Funkhouser
787,Kristle D Figgs
789,Duncan O Maheu
791,Elijah X Ahmad
792,Maryellen E Zackery
793,Bret C Delancey
796,Bryan V Guyton
797,Lakenya Z Mccroskey
799,Clyde P Ponton
800,Waylon Z Curtsinger
802,Reyes X Segal
803,Cristal Q Kucharski
804,Sidney D Amore
805,Stacy B Kennell
806,Marleen R Guyette
807,Claudio Q Bien
808,Esmeralda N Veliz
809,Toya B Rawlins
811,Lamar L Legg
812,Carey J Sandlin
813,Andres P Towles
815,Aleisha H Mathew
816,Kizzy W Brazelton
817,Jeffery A Brafford
819,Bernardo X Barbee
820,Lenny U Rister
823,Lamont J Brescia
824,Ilse X Harr
825,Janie P Caswell
826,Joesph Y Shrout
827,Dorla G Westberry
828,August C Strother
829,Lynn M Blocher
830,Kieth G Coney
832,Olevia U Cartier
833,Linwood J Franqui
834,Reagan H Costas
836,Rosalva G Shepley
837,Keenan W Spruell
838,Chrissy H Edmonson
840,Joleen H Chea
842,Les V Gran
843,Walter H Hargreaves
844,Akiko Gary
845,Simon G Cromwell
846,Tim U Kornegay
847,Loren I Casady
848,Rufus F Furlong
850,Zackary G Parkins
851,Cedric N Cavallo
852,Donya G Rodden
854,Arlen F Maly
855,Bo E Curlee
856,Rosanna D Standley
857,Jody K Rude
859,Arlen Z Vanslyke
861,Korey I Garrity
862,Jose P Tubbs
864,Elroy L Shorts
865,Roberto A Fresquez
867,Ronnie E Swim
868,Brad I Pattison
869,Angela P Lorenzen
872,Russ U Belliveau
874,Rashida M Durante
875,Grady Y Perera
878,Nigel O Sansom
879,Orval N Pichardo
880,Bong M Alvares
881,Federico I Carlile
882,Marco J Desilva
885,Natasha L Mcelhannon
887,Cristi T Clem
888,Andreas T Viles
889,Liz R Lomonaco
893,Elenor B Gibbs
894,Van T Dotson
895,Hoyt O Reiss
896,Danette A Kuykendall
897,Silvana V Hendrix
899,Clara B Sifuentes
900,Luella W Kemmerer
901,Adella U Foushee
902,Mirian E Gorman
903,Donna R Woodrum
904,Dusty L Kugler
905,Toney W Bollman
909,Dennis K Cayer
910,Karl O Langlinais
911,Hung H Nicola
912,Dovie F Larue
913,Verona H Brobst
916,Gwyn N Mitzel
918,Linh U Ashton
920,Guillermo X Schwan
922,Arron R Vegas
923,Curtis E Quayle
924,Walton U Kapoor
925,Cortez F Espiritu
926,Robert F Trudeau
927,Hyun M Gloss
930,Markus J Lamm
932,Rosaline H Brenneman
933,Steve S Everette
934,Alesia B Bear
936,Cythia I Stecker
939,Alanna L Tyrell
940,Tristan M Brackett
941,Bernardo I Garzon
942,Hubert L Kirkland
944,Reynaldo S Service
945,Mac U Palmquist
947,Monte F Mcginn
949,Deshawn O Mankin
950,Aurelio K Wyckoff
951,Janean A Tyler
952,Deandre U Groleau
954,Kristal F Bickford
956,Annabelle E Encinas
957,Sarita P Schubert
958,Jeanna U Li
959,Russ I Teed
960,Shavonne B Boylan
961,Isaac O Dempster
964,Corey F Stowe
966,Stan I Folks
967,Giuseppina E Fink
969,Ingeborg Z Weisser
970,Carolin T Loya
972,Alda F Penning
974,Talisha F Nicklas
975,Terrance E Schiefelbein
976,Tyree W Linden
977,Cameron K Gratton
981,Mack L Lykes
982,Edmund K Masuda
983,Alfred L Strausbaugh
984,Cleveland A Zinke
985,Damien A Izquierdo
986,Chase T Scurry
987,Lorriane P Ho
990,Alina L Prowell
991,Keven H Araiza
992,Jaleesa I Averett
994,Corina U Korhonen
995,Andrew D Hersey
996,Delphine P Carpio
997,Joanie N Folkerts
998,Keith E Moyes
999,Katie N Kinnison
1001,Angel F Palomino
1002,Vicki V Broussard
1003,Sam C Limones
1004,Amelia H Burbank
1005,Daniel L Nava
1006,Jefferson N Thurman
1007,Forest Z Hacker
1009,Colleen B Lenihan
1010,Elease H Burger
1011,Benedict B Wix
1012,Minta J Branham
1013,Cicely W Colton
1014,Sheryll X Broadbent
1015,Margarett E Mulford
1016,Zane J Hurdle
1017,Fermin L Zapata
1018,Benedict U Daye
1019,Sena U Delrosario
1022,Forest Z Blewett
1024,Cassaundra K Polito
1025,Wiley U Maske
1026,Taneka Q Church
1027,Stanley F Casillas
1028,Kraig P Brownfield
1029,Clint Q Orear
1030,Dawna T Woodbury
1032,Andria Z Reza
1033,Bertha E Harbison
1034,Bert S Kinkade
1035,Margrett M Confer
1036,Tuan L Rhymes
1037,Meda I Hayner
1038,Adalberto W Creek
1039,Renaldo K Cheatham
1040,Grisel R Whitty
1042,Clemente S Wiechmann
1043,Wm S Goldschmidt
1044,Lamar A Partida
1045,Rex K Dion
1046,Louann X Sakamoto
1047,Murray D Pennock
1048,Rosella E Marron
1049,Nelida E Cheeks
1050,Roselia F Britton
1052,Gilberto U Greaves
1053,Keven A Jewell
1055,Kate O Paull
1056,Marni O Otter
1060,Augusta G Kircher
1061,Lincoln D Cauley
1062,Ramona W Rand
1066,Davis Z Gaylor
1068,Margit E Gallion
1069,Sharyl Y Torian
1070,Buddy W Lofgren
1071,Malcolm Y Bonaparte
1073,Marissa S Hughes
1074,Paz J Hegwood
1076,Jacinda X Michalec
1077,August F Dones
1079,Sherlene E Mcdaniel
1080,Linette Q Menard
1081,Emmanuel G Chamorro
1082,Jeramy T Londono
1083,Freddie C Headen
1084,Stefanie P Rose
1085,Paola R Timberlake
1088,Bridget D Spadaro
1092,Mauricio I Streets
1094,Les V Bejarano
1096,Vinita E Chamber
1097,Neil Z Stoughton
1098,Kassie Q Binder
1099,Carlton P Mahurin
1100,Mei H Silvera
1101,Cindie T Madden
1102,Van E Broadbent
1103,Joanna M Sandefur
1105,Estella E Miley
1106,Liana T Quesenberry
1107,Guy S Troy
1108,Isiah S Coppock
1109,Loren H Mckenzie
1111,Gwyn I Parish
1113,Norris P Ewen
1114,Tayna L Covarrubias
1115,Asley F Mcewan
1116,Jeremiah N Curran
1117,Troy J Higbee
1118,Lesha K Cai
1119,Denis T Yelle
1120,Krissy S Valazquez
1121,Hayden J Jang
1124,Franklyn V Hummell
1125,Patrick H Gilleland
1126,Lidia S Gerling
1127,Carlotta T Ryles
1128,Digna Q Eck
1131,Galina G Woodbury
1132,Carmon A Howlett
1133,Josiah R Gutierres
1135,Leonel S Yuan
1136,Sharri Z Gormley
1137,Mignon H Ballesteros
1138,Carmelia R Lattimer
1140,Francis O Encarnacion
1143,Denis Y Fehr
1148,Lisa C Sheridan
1150,Ezequiel N Shell
1152,Timmy I Poteat
1154,Nigel V Dupras
1156,Meryl B Jude
1157,Herb B Irving
1158,Samantha V Lucky
1160,Frankie I Speed
1161,Wilhelmina Y Keaney
1162,Karlene L Mckean
1163,Emmitt X Plante
1164,Chaya W Caudle
1165,Reanna I Hampton
1166,Micaela N Buker
1167,Carmelia E Bergeron
1171,Ulysses S Abate
1172,Love G Lent
1173,Stan S Watt
1175,Kindra V Cruickshank
1177,Micheal F Mcleroy
1179,Gwyn E Etzel
1180,Ressie I Goodwyn
1182,Colton B Salzman
1184,Marylynn G Ealey
1185,Neil V Gebhard
1188,Kermit L Mcphail
1190,Julio P Dockery
1191,Tressa Q Standard
1192,Dwayne W Marker
1193,Ayako L Bachmann
1195,Salena I Santillan
1196,Nelson O Dubuc
1198,Lincoln D Demaria
1200,Eleonora S Pollard
1201,Sherise C Bledsoe
1202,Chase J Paradise
1203,Ernestine E Fludd
1204,Fernando S Korhonen
1206,Shanti F Quirion
1207,Dovie U Nickerson
1210,Lacy Q Deshotel
1211,Leslie I Stolte
1212,Valene R Yost
1215,Earlean Y Funke
1216,Eloise Z Demoss
1217,Keven F Bingham
1218,Magaly U Mcneel
1219,Mika J Rodriquez
1220,Freddy A Rolling
1221,Morgan O Carriere
1224,Junita Y Huhn
1225,Keira Y Till
1226,Mickey E Hentges
1228,Phil G Czarnecki
1231,Glenn N Vinyard
1233,Federico B Edmond
1234,Lucas P Funes
1235,Alden Y Cauley
1237,Giuseppina N Dagostino
1238,Danilo S Hammes
1239,Clotilde X Mason
1240,Petrina B Dampier
1241,Philip X Trinidad
1242,Sixta H Jo
1243,Mose O Brucker
1244,Andrew P Detweiler
1245,Judith D Gourdine
1246,Beatrice T Coen
1248,Terra D Routh
1249,Suzette F Lovejoy
1250,Jolanda L Dewees
1251,Dwain O Upham
1252,Alise O Baltzell
1254,Hal K Kells
1255,Jordan D Phu
1256,Mac V Lineberry
1257,Mina P Shotwell
1258,Doyle N Utter
1259,Tyler D Galindo
1260,Lizzette G Moyle
1263,Heath K Fell
1264,Meryl I Nau
1265,Terrell J Leader
1267,Cameron A Chamberland
1268,Jarred C Class
1269,Maxwell H Azevedo
1270,Millicent G Mangan
1273,Bernard A Harbert
1275,Steven B Daigneault
1277,Oren M Mcnabb
1278,Susana H Hooks
1279,Cedrick K Engelhardt
1280,Rich Q Rehberg
1281,Zachary S Velasquez
1282,Garrett S Nolette
1283,Antone W Polston
1285,Isreal F Metoyer
1286,Cyndy H Ary
1288,Buck H Rancourt
1289,Arlen M Joly
1291,Jerome P Whitefield
1292,Rafaela N Madrid
1293,Tiny Q Llanos
1294,Jc S Meyers
1295,Hui E Bizzell
1296,Ronnie H Upton
1297,Cleveland W Franko
1298,Marcella Z Mapp
1299,Alease Y Lander
1301,Carrol O Arend
1303,Lyn Q Tso
1304,Lottie G Bonin
1306,Jong U Borchers
1307,Jamaal Z Resto
1308,Barrie E Collman
1309,Alphonso U Laffoon
1310,Pansy F Duchesne
1311,Karisa B Glidewell
1312,Lia J Liner
1314,Dudley G Slocum
1315,Emma X Monti
1317,Elias Y Pinkard
1318,Morgan V Leonetti
1319,Doyle T Grindstaff
1321,Robert C Ancheta
1322,Cole M Dellinger
1324,Tony E Keough
1329,Dulce E Grizzard
1331,Devin U Hales
1333,Leif Y Harness
1334,Orval Q Olinger
1336,Elvis J Stroh
1338,Bud L Lofgren
1340,Conrad R Saito
1344,Dorothy Q Gard
1346,Tiffaney A Schoenberg
1349,Clint Q Strayhorn
1350,Gertrud B Glidden
1352,Eldridge B Bose
1355,Lianne M Sweeney
1356,Tonja E Lenahan
1358,Nathan V Avendano
1360,Jamison U Crutchfield
1361,Dottie D Hagaman
1362,Myron V Elsea
1363,Rubin E Confer
1364,Lavada W Maldanado
1367,Lynwood Q Durfee
1368,Dong B Sturdevant
1369,Mandy W Lavalley
1371,Kris L Bice
1372,Windy A Dudek
1373,Reinaldo G Castellanos
1374,Astrid R Marinelli
1375,Kendrick C Burchette
1377,Dale E Childers
1379,Reed O Vella
1380,Margarito O Retana
1382,Mervin E Goering
1383,Novella B Osman
1387,Windy S Pharr
1389,Josette R Betancourt
1390,Aileen F Hiltz
1391,Tonia X Silvis
1392,Bonny S Poor
1394,Randal J Kahle
1395,Sylvester M Harmer
1396,Britt P Shivers
1397,Clarence J Hinkson
1399,Vaughn N Garica
1401,Georgiann C Harrell
1402,Candelaria Q Zajicek
1403,Julio P Bryce
1405,Lyla Q Donald
1407,Ed X Shockley
1408,Christene F Blakemore
1409,Joanna H Deforest
1411,Tad V Laster
1412,Mirtha X Herzig
1415,Taylor O Thill
1417,Kirstie W Macey
1419,Heriberto Y Starkey
1420,Sherryl B Raker
1421,Dion K Taylor
1422,Kenton Q Villalta
1423,Johnie V Centers
1424,Vasiliki E Thoman
1425,Desirae D Ginn
1427,Elroy N Kimbler
1428,Crystal U Comes
1430,Iliana M Fogle
1431,Ben U Gigliotti
1433,Theresa R Fitzmaurice
1434,Employees
1435,Gwyn Etzel
1436,Ressie Goodwyn
1438,Colton Salzman
1439,Marylynn Ealey
1440,Bula Reich
1441,Irwin River
1443,Larisa Still
1445,Neil Gebhard
1446,Kermit Mcphail
1447,Julio Dockery
1448,Tressa Standard
1449,Dwayne Marker
1453,Ayako Bachmann
1457,Salena Santillan
1458,Nelson Dubuc
1459,Lincoln Demaria
1460,Eleonora Pollard
1461,Rosina Gonsalves
1464,Douglas Cull
1465,Suellen Eoff
1466,Sherise Bledsoe
1467,Chase Paradise
1468,Ernestine Fludd
1469,Fernando Korhonen
1471,Shanti Quirion
1472,Dovie Nickerson
1473,Lacy Deshotel
1474,Leslie Stolte
1475,Valene Yost
1477,Earlean Funke
1478,Eloise Demoss
1479,Oliver Mouzon
1480,Caleb Luther
1481,Rebeca Kromer
1482,Keven Bingham
1483,Magaly Mcneel
1484,Mika Rodriquez
1485,Freddy Rolling
1486,Morgan Carriere
1487,Austin Janney
1489,Kaye Tubbs
1492,Inger Gillan
1494,Junita Huhn
1495,Keira Till
1496,Mickey Hentges
1497,Phil Czarnecki
1499,Glenn Vinyard
1501,Federico Edmond
1502,Lucas Funes
1503,Alden Cauley
1504,Efrain Moats
1506,Vincenzo Rentschler
1507,Yvone Seay
1509,Giuseppina Dagostino
1513,Danilo Hammes
1514,Clotilde Mason
1515,Petrina Dampier
1516,Philip Trinidad
1520,Sixta Jo
1522,Mose Brucker
1523,Andrew Detweiler
1525,Cecil Teixeira
1527,Alysia Basil
1529,Chauncey Southerland
1533,Judith Gourdine
1534,Beatrice Coen
1535,Terra Routh
1537,Suzette Lovejoy
1539,Jolanda Dewees
1541,Dwain Upham
1542,Alise Baltzell
1543,Hal Kells
1544,Teddy Kleinschmidt
1545,Phyllis Figueredo
1546,Stanley Caudill
1547,Jordan Phu
1548,Mac Lineberry
1549,Mina Shotwell
1550,Doyle Utter
1551,Tyler Galindo
1552,Lizzette Moyle
1553,Heath Fell
1554,Meryl Nau
1555,Terrell Leader
1556,Cameron Chamberland
1557,Jarred Class
1558,Maxwell Azevedo
1560,Jerri Dunkle
1562,Chere Patchett
1563,Leonore Reason
1564,Millicent Mangan
1568,Bernard Harbert
1569,Steven Daigneault
1572,Oren Mcnabb
1573,Susana Hooks
1574,Cedrick Engelhardt
1576,Rich Rehberg
1577,Zachary Velasquez
1578,Garrett Nolette
1580,Antone Polston
1581,Isreal Metoyer
1582,Cyndy Ary
1583,Buck Rancourt
1585,Arlen Joly
1586,Jerome Whitefield
1587,Rafaela Madrid
1588,Tiny Llanos
1590,Jc Meyers
1591,Cordell Riche
1592,Edgar Teer
1594,Kenneth Lucius
1595,Hui Bizzell
1596,Ronnie Upton
1597,Cleveland Franko
1598,Marcella Mapp
1599,Alease Lander
1601,Carrol Arend
1602,Lyn Tso
1604,Lottie Bonin
1605,Jong Borchers
1606,Garnett Dryer
1607,Chris Braggs
1608,Willia Vath
1609,Jamaal Resto
1611,Barrie Collman
1612,Alphonso Laffoon
1613,Pansy Duchesne
1614,Karisa Glidewell
1615,Lia Liner
1617,Dudley Slocum
1618,Emma Monti
1619,Elias Pinkard
1621,Morgan Leonetti
1622,Doyle Grindstaff
1623,Robert Ancheta
1624,Cole Dellinger
1625,Tony Keough
1627,Dulce Grizzard
1628,Devin Hales
1630,Leif Harness
1631,Orval Olinger
1633,Angel Ferebee
1635,Annette Jolin
1638,Odette Gorden
1639,Elvis Stroh
1640,Bud Lofgren
1641,Conrad Saito
1642,Dorothy Gard
1644,Tiffaney Schoenberg
1645,Clint Strayhorn
1646,Gertrud Glidden
1647,Eldridge Bose
1648,Lianne Sweeney
1649,Tonja Lenahan
1650,Nathan Avendano
1651,Jamison Crutchfield
1653,Dottie Hagaman
1654,Myron Elsea
1655,Rubin Confer
1656,Lavada Maldanado
1657,Susan Barra
1658,Richelle Haffner
1659,Maybelle Rush
1661,Otha Sylvester
1662,Selma Abram
1664,Joaquin Vaz
1665,Wilfred Honore
1666,Rolando Womble
1667,Rodney Leonardo
1668,Beryl Helsel
1669,Rosetta Messerly
1670,Gerry Harvey
1671,Jazmin Wheless
1673,Ross Imai
1674,Meryl Gow
1675,Bill Tarkington
1676,Lesley Macpherson
1677,Heath Aikin
1678,Mellissa Hembree
1680,Katheryn Holtzclaw
1681,Tempie Peralta
1682,Lynwood Durfee
1683,Dong Sturdevant
1684,Mandy Lavalley
1687,Kris Bice
1689,Windy Dudek
1691,Reinaldo Castellanos
1692,Astrid Marinelli
1693,Kendrick Burchette
1694,Dale Childers
1696,Reed Vella
1697,Margarito Retana
1698,Mervin Goering
1700,Novella Osman
1701,Windy Pharr
1702,Josette Betancourt
1703,Aileen Hiltz
1704,Tonia Silvis
1706,Bonny Poor
1707,Randal Kahle
1708,Sylvester Harmer
1709,Britt Shivers
1710,Clarence Hinkson
1712,Vaughn Garica
1714,Georgiann Harrell
1716,Candelaria Zajicek
1718,Sharlene Klein
1719,Cliff Skipworth
1720,Nannette Ressler
1721,Toby Riles
1722,Londa Petrey
1724,Darin Keitt
1725,Jeremiah Harriss
1727,Lance Pennington
1728,Carlos Banh
1729,Elliott Chess
1731,Yong Ramsey
1732,Julio Bryce
1733,Lyla Donald
1734,Ed Shockley
1735,Christene Blakemore
1736,Joanna Deforest
1737,Tad Laster
1739,Mirtha Herzig
1740,Taylor Thill
1744,Alfonzo Knupp
1745,Marketta Candelaria
1746,Ferdinand Ramsdell
1747,Otto Reilly
1749,Timmy Kitchens
1751,Rene Morel
1752,Kassie Akers
1753,Jeremy Belew
1754,Nella Mckeown
1755,Derrick Culbreth
1756,Elsy Beyer
1757,Kirstie Macey
1758,Heriberto Starkey
1760,Sherryl Raker
1761,Dion Taylor
1762,Kenton Villalta
1763,Johnie Centers
1764,Vasiliki Thoman
1766,Desirae Ginn
1767,Elroy Kimbler
1768,Cayla Mealy
1770,Jillian Harry
1771,Tammy Staples
1772,Rob Spier
1774,Brande Sevier
1775,Jody Slavens
1778,Emile Aponte
1779,Birdie Savoy
1780,Jackie Sachs
1782,Abbey Schindler
1783,Al Fegley
1784,Crystal Comes
1786,Iliana Fogle
1787,Ben Gigliotti
1789,Theresa Fitzmaurice
1790,Nathanael Halloway
1792,Valeria Fang
1794,Robert Winsor
1797,Willian Zeringue
1798,Misti Royal
1799,Porfirio Houghton
1800,Windy Valadez
1801,Noble Sanderson
1802,Laurinda Dinh
1803,Jefferey Folkerts
1804,Stephnie Millman
1805,Lowell Demmer
1807,Seth Willilams
1809,Lorri Garney
1812,Maire Mair
1813,Serina Lingle
1814,Anisha Jasmin
1815,Edmund Mcclung
1816,Patty Hosey
1818,Faustino Scheffel
1821,Andrea Rhymes
1822,Rogelio Ledezma
1823,Rogelio Finnerty
1824,Celine Baskin
1826,Alec Mcnees
1827,Christie Rodger
1829,Orville Massey
1830,Marget Dials
1833,Isiah Wilkie
1834,Adelia Abbas
1835,Emma Dice
1836,Horace Hobart
1837,Katia Foran
1839,Sanford Knee
1842,Genaro Lukasik
1844,Jennefer Ours
1845,Lucy Reiser
1847,Toney Buffum
1849,Gearldine Stolte
1850,Jerome Spangler
1852,Miles Lambert
1853,Zachary Haugland
1854,Sol Coffman
1856,Tad Portillo
1857,Rich Cleek
1858,Maricela Pendergrass
1859,Clinton Tschida
1860,Reggie Cramer
1862,Lilli Tartt
1863,Tamera Balser
1864,Oswaldo Baumbach
1865,Valentin Escoto
1866,Mathilda Monty
1867,Jamel Meaney
1868,Dane Lawrence
1869,Joline Frisby
1870,Rosa Iler
1871,Jimmie Esqueda
1873,Xochitl Hogan
1875,Providencia Hennings
1876,Ena Thor
1878,Prince Maloof
1880,Mason Shiflett
1881,Williams Timko
1882,Ezra Calvert
1883,Fabian Say
1885,Ramon Heldt
1886,Orville Marcantel
1888,Belva Fitzwater
1890,Porsche Dearing
1892,Jon Arvizu
1893,Grisel Sutton
1898,Quinn Linneman
1900,Elvis Veiga
1903,Charlie Moxley
1905,Marg Dunfee
1907,Don Southwick
1908,Maryjo Mccloy
1909,Stuart Fullwood
1911,Grover Mcgahey
1912,Archie Blair
1915,Abe Morales
1916,Zachery Barna
1918,Waldo Witmer
1922,Troy Michalski
1924,Un Zebrowski
1927,Bud Kistner
1928,Donnell Babbitt
1929,Jack Partin
1931,Ena Mullins
1932,Russel Baumer
1933,Roscoe Tunney
1934,Jimmy Canaday
1935,Karie Renninger
1936,Perry Outland
1937,Raymundo Pecora
1938,Samuel Dart
1939,Jeffrey Berg
1940,Heriberto Rollo
1941,Sharonda Janzen
1943,Agnes Blow
1944,Bethann Marini
1945,Xochitl Luse
1947,Bridget Rake
1948,Marcellus Jalbert
1949,Kimberly Duquette
1950,Wendolyn Riddle
1951,Les Priolo
1952,Margit Gallaher
1954,Jerrell Mcfarlin
1955,Garret Flakes
1956,Noel Garon
1960,Rory Syed
1961,Kandis Owenby
1962,Young Rueb
1965,Josie Hofman
1966,Rod Catania
1967,Thora Vanhook
1968,Loraine Barnes
1969,Ute Outen
1970,Marylouise Howland
1971,Kacy Cairns
1972,Ligia Hoeft
1973,Karima Metivier
1974,Tod Rene
1975,Stewart Mazurek
1976,Jenni Olguin
1979,Raguel Yeager
1980,Shawanda Ostlund
1981,Jeff Mallon
1982,Demarcus Recio
1985,Eleanora Farthing
1986,Loren Isaac
1987,Homer Hollowell
1989,Billie Liang
1992,Jules Shugart
1993,Aiko Blossom
1994,Jesus Tafolla
1995,Titus Eide
1996,Latrice Kirch
1997,Bryanna Pyron
1998,Lyndon Dunkley
1999,Sydney Trosper
2000,Effie Jelinek
2003,Lou Baine
2007,Fawn Buckman
2008,Solange Landaverde
2009,Sonny Najar
2010,Wilton Florence
2012,Kaci Whitacre
2013,Aron Durante
2014,Clark Spence
2015,Kristopher Alejos
2016,Kasi Blakeslee
2017,Phillip Crabill
2018,Larry Osby
2019,Vance Kuss
2020,Christena Kratz
2021,Keitha Foran
2022,Valentine Gibbon
2023,Winona Slape
2024,Trey Kaiser
2025,Lester Coldiron
2026,Hassan Radabaugh
2027,Victor Helmuth
2031,Shavonne Henkle
2032,Zella Renn
2034,Dee Joslyn
2035,Kali Kennamer
2036,Jon Behler
2037,Rufus Neufeld
2038,Tyson High
2040,Nilsa Arambula
2041,Irene Ellerbee
2044,Lidia Kuiper
2045,Darron Tittle
2046,Enda Kirchner
2048,Drucilla Simkins
2049,Lois Cozad
2051,Leland David
2052,Rusty Bibby
2053,Tracey Lapinski
2054,Shara Millsap
2055,Armida Bridwell
2056,Latia Gleaton
2057,Theda Timothy
2060,Malcom Darrah
2061,Linn Plummer
2062,Ben Lagrange
2064,Isaac Tsan
2065,Cheree Lusk
2068,Marivel Seiter
